"Código de barras para leitura;Código do produto;Desc. Produto"
"1378;MTN-028.10BL;Protetor para Enxovais - Organizzata Collection - G16Branco Liso"
"1379;MTN-028.10BRO;Protetor para Enxovais - Organizzata Collection - G16Branco Romântico"
"1380;MTN-028.10IA;Protetor para Enxovais - Organizzata Collection - G16Infantil Azul"
"1381;MTN-028.10IR;Protetor para Enxovais - Organizzata Collection - G16Infantil Rosa"
"1382;MTN-028.11BL;Protetor para Enxovais - Organizzata Collection - G26 Branco Liso"
"1383;MTN-028.11BRO;Protetor para Enxovais - Organizzata Collection - G26Branco Romântico"
"1386;MTN-028.9BL;Protetor para Enxovais - Organizzata Collection - G6Branco Liso"
"1387;MTN-028.9BRO;Protetor para Enxovais - Organizzata Collection - G6Branco Romântico"
"1390;MTN-028.13BL;Protetor para Enxovais - Organizzata Collection - GG26Branco Liso"
"1391;MTN-028.13BRO;Protetor para Enxovais - Organizzata Collection - GG26Branco Romântico"
"1394;MTN-028.14BL;Protetor para Enxovais - Organizzata Collection - GG36Branco Liso"
"1395;MTN-028.14BRO;Protetor para Enxovais - Organizzata Collection - GG36Branco Romântico"
"1398;MTN-028.12BL;Protetor para Enxovais - Organizzata Collection - GGXBranco Liso"
"1399;MTN-028.12BRO;Protetor para Enxovais - Organizzata Collection - GGXBranco Romântico"
"1402;MTN-028.8BL;Protetor para Enxovais - Organizzata Collection - GXBranco Liso"
"1403;MTN-028.8BRO;Protetor para Enxovais - Organizzata Collection - GXBranco Romântico"
"1406;MTN-028.6BL;Protetor para Enxovais - Organizzata Collection - M16Branco Liso"
"1407;MTN-028.6BRO;Protetor para Enxovais - Organizzata Collection - M16Branco Romântico"
"1408;MTN-028.6IA;Protetor para Enxovais - Organizzata Collection - M16Infantil Azul"
"1409;MTN-028.6IR;Protetor para Enxovais - Organizzata Collection - M16Infantil Rosa"
"1410;MTN-028.7BL;Protetor para Enxovais - Organizzata Collection - M26Branco Liso"
"1411;MTN-028.7BRO;Protetor para Enxovais - Organizzata Collection - M26Branco Romântico"
"1414;MTN-028.5BL;Protetor para Enxovais - Organizzata Collection - M6Branco Liso"
"1415;MTN-028.5BRO;Protetor para Enxovais - Organizzata Collection - M6Branco Romântico"
"1418;MTN-028.4BL;Protetor para Enxovais - Organizzata Collection - MXBranco Liso"
"1419;MTN-028.4BRO;Protetor para Enxovais - Organizzata Collection - MXBranco Romântico"
"1420;MTN-028.4IA;Protetor para Enxovais - Organizzata Collection - MXInfantil Azul"
"1421;MTN-028.4IR;Protetor para Enxovais - Organizzata Collection - MXInfantil Rosa"
"1422;MTN-028.3BL;Protetor para Enxovais - Organizzata Collection - P16Branco Liso"
"1423;MTN-028.3BRO;Protetor para Enxovais - Organizzata Collection - P16Branco Romântico"
"1424;MTN-028.3IA;Protetor para Enxovais - Organizzata Collection - P16Infantil Azul"
"1425;MTN-028.3IR;Protetor para Enxovais - Organizzata Collection - P16Infantil Rosa"
"1426;MTN-028.2BL;Protetor para Enxovais - Organizzata Collection - P6Branco Liso"
"1427;MTN-028.2BRO;Protetor para Enxovais - Organizzata Collection - P6Branco Romântico"
"1428;MTN-028.2IA;Protetor para Enxovais - Organizzata Collection - P6Infantil Azul"
"1429;MTN-028.2IR;Protetor para Enxovais - Organizzata Collection - P6Infantil Rosa"
"1430;MTN-028.1BL;Protetor para Enxovais - Organizzata Collection - PXBranco Liso"
"1431;MTN-028.1BRO;Protetor para Enxovais - Organizzata Collection - PXBranco Romântico"
"1459;COL-054;Colmeia TNT"
"1745;BND-021;Sacola de Praia Neon"
"1962;MOP-004;Cubo Para Brinquedos G - Organizzata Collection"
"1963;MOP-005;Cubo Para Brinquedos M - Organizzata Collection"
"1964;MOP-006;Cubo Para Brinquedos P - Organizzata Collection"
"1965;MOP-004.AC;Cubo Para Brinquedos G - Organizzata Collection - Azul Claro"
"1966;MOP-004.BR;Cubo Para Brinquedos G - Organizzata Collection - Branco"
"1967;MOP-004.RC;Cubo Para Brinquedos G - Organizzata Collection - Rosa Claro"
"1968;MOP-005.AC;Cubo Para Brinquedos M - Organizzata Collection - Azul Claro"
"1969;MOP-005.BR;Cubo Para Brinquedos M - Organizzata Collection - Branco"
"1970;MOP-005.RC;Cubo Para Brinquedos M - Organizzata Collection - Rosa Claro"
"1971;MOP-006.AC;Cubo Para Brinquedos P - Organizzata Collection - Azul Claro"
"1972;MOP-006.BR;Cubo Para Brinquedos P - Organizzata Collection - Branco"
"1973;MOP-006.RC;Cubo Para Brinquedos P - Organizzata Collection - Rosa Claro"
"2045;SPT-002;Kit com 3 sacos para sapatos - Smart"
"2160;SER-033;Estorno de créditos de ICMS"
"2192;BND-023;Cobertor Fleece para Pets - 60x75cm - Nexgard"
"2203;PTV-009.CZ;Bolsa de enrolar com gomos P - Organizzata Collection - Cinza"
"2204;PTV-009.RN;Bolsa de enrolar com gomos P - Organizzata Collection - Rosa Neon"
"2205;PTV-009.VDN;Bolsa de enrolar com gomos P - Organizzata Collection - Verde Neon"
"2206;PTV-010.CZ;Bolsa de enrolar com gomos M - Organizzata Collection - Cinza"
"2207;PTV-010.RN;Bolsa de enrolar com gomos M - Organizzata Collection - Rosa Neon"
"2208;PTV-010.VDN;Bolsa de enrolar com gomos M - Organizzata Collection - Verde Neon"
"2209;PTV-011.CZ;Bolsa de enrolar com gomos G - Organizzata Collection - Cinza"
"2210;PTV-011.RN;Bolsa de enrolar com gomos G - Organizzata Collection - Rosa Neon"
"2211;PTV-011.VDN;Bolsa de enrolar com gomos G - Organizzata Collection - Verde Neon"
"2219;BND-024;Nécessaire Puro Afeto em Columbia"
"2445;CRL-003.CZ;Porta Máscara frente e verso - Organizzata Collection - Cinza"
"2446;CRL-003.RN;Porta Máscara frente e verso - Organizzata Collection - Rosa Neon"
"2447;CRL-003.VDN;Porta Máscara frente e verso - Organizzata Collection - Verde Neon"
"2454;MTN-034.CQ;Protetor para Mesa Posta - Organizzata Collection - R10 Slim - Cáqui"
"2455;MTN-033.CQ;Protetor para Mesa Posta - Organizzata Collection - QX - Cáqui"
"2456;PTV-012.CQ;kit com 2 Rolinhos para Anéis de Guardanapos - Cáqui"
"2457;MTN-032.CQ;Protetor para Mesa Posta - Organizzata Collection - RX - Cáqui"
"2458;MTN-031.CQ;Protetor para Mesa Posta - Organizzata Collection - R10 - Cáqui"
"2459;MTN-030.CQ;Protetor para Mesa Posta - Organizzata Collection - Q10 - Cáqui"
"2543;BRD-001.VN;Toca para Gatos em TNT - Cat Excellence - 
Vinho"
"2558;BTM-001;Bolsa Térmica Seresto"
"261;GBT-001;Kit Gabarito Ideal Pack"
"2610;MOP-001.AC;Cubo Para Brinquedos Slim M - Organizzata Collection - Azul Claro"
"2611;MOP-001.BR;Cubo Para Brinquedos Slim M - Organizzata Collection - Branco"
"2612;MOP-001.RC;Cubo Para Brinquedos Slim  M - Organizzata Collection - Rosa Claro"
"2621;TCG-001;Toca para Gatos em TNT  - Reserva Gold - Preto"
"2622;CBQ-001;Cestinho para brinquedos Pet - Reserva Gold - Estampado"
"263;CBD-002;Divisor de cabides redondo Ideal Pack"
"2635;MOP-003.AC;Cubo Para Brinquedos Slim G - Organizzata Collection - Azul Claro"
"2636;MOP-003.BR;Cubo Para Brinquedos Slim G - Organizzata Collection - Branco"
"2637;MOP-003.RC;Cubo Para Brinquedos Slim G - Organizzata Collection - Rosa Claro"
"2638;MOP-002.AC;Cubo Para Brinquedos Slim P - Organizzata Collection - Azul Claro"
"2639;MOP-002.BR;Cubo Para Brinquedos Slim P - Organizzata Collection - Branco"
"264;CBD-003;Divisor de cabides quadrado Ideal Pack"
"2640;MOP-002.RC;Cubo Para Brinquedos Slim P - Organizzata Collection - Rosa Claro"
"265;CBD-004;Classificador de Colmeia Ideal Pack"
"266;CXO-001;Caixa Org. Feminina 100 X 185 X 300MM"
"267;CXO-002;Caixa Org. Masculina 350 X 210 X 130MM"
"268;CXO-003;Caixa Org. Bota 550 X 300 X 110MM"
"269;CXO-004;Caixa Org. Rasteirinha 305 X 135 X 100MM"
"273;EBT-001;Suporte Flexível p/ Botas"
"278;COC-002.CZ;Colmeia Porta Óculos - Organizzata Collection - Cinza"
"279;CRL-002.CZ;Colmeia Porta Relógio - Organizzata Collection - Cinza"
"2802;BTM-001.AZ;Bolsa Térmica Seresto Azul"
"284;COC-002.MR;Colmeia Porta Óculos - Organizzata Collection - Marrom"
"289;CBD-001.PT;Cabide Organizador de lenços - Preto"
"2902;PBS-006.BR;Protetor de bolsas P - Organizzata Collection - Branco"
"2903;PBS-005.BR;Protetor de bolsas G - Organizzata Collection - Branco"
"2904;PBS-004.BR;Protetor de bolsas M - Organizzata Collection - Branco"
"2905;LPC-001.BG;Lixeira para Carro M - Organizzata Collection - Bege"
"2906;LPC-002.BG;Lixeira para Carro G - Organizzata Collection - Bege"
"291;CVT-001.CQ;Capa para Vestido Premium - Cáqui"
"3027;CTO-003.BR;Cesto Organizador Multiuso G - Organizzata Collection - Branco"
"3028;CTO-003.PT;Cesto Organizador Multiuso G - Organizzata Collection - Preto"
"3029;CTO-004.BR;Cesto Organizador Multiuso M - Organizzata Collection - Branco"
"3030;CTO-004.PT;Cesto Organizador Multiuso M - Organizzata Collection - Preto"
"3068;TCG-002;Toca para Gatos em Tricoline - Cat Excellence - Estampas Variadas"
"376;ORG-001.BG;Porta Óculos Ideal Pack - Bege"
"377;ORG-001.PT;Porta Óculos Ideal Pack - Preto"
"378;ORG-002.BG;Porta Acessórios Aveludado 420 X 320 X 35MM - Bege"
"379;ORG-002.PT;Porta Acessórios Aveludado 420 X 320 X 35MM - Preto"
"380;ORG-003.BG;Porta Acessórios Aveludado 310 X 190 X 35MM - Bege"
"381;ORG-003.PT;Porta Acessórios Aveludado 310 X 190 X 35MM - Preto"
"386;CXO-007;Caixa Organizadora Inject Plásticos"
"428;COC-002.BR;Colmeia Porta Óculos - Organizzata Collection - Branco"
"429;COC-002.CQ;Colmeia Porta Óculos - Organizzata Collection - Cáqui"
"430;CRL-002.BR;Colmeia Porta Relógio - Organizzata Collection - Branco"
"431;CRL-002.CQ;Colmeia Porta Relógio - Organizzata Collection - Cáqui"
"432;CTD-019.BR;Colmeia Dupla - Organizzata Collection - Branco"
"433;CTD-019.CQ;Colmeia Dupla - Organizzata Collection - Cáqui"
"437;EBL-004.PT;Enchimento de bolsa Organizzata Collection - P - Preto"
"438;EBL-005.PT;Enchimento de bolsa Organizzata Collection - M - Preto"
"439;EBL-006.PT;Enchimento de bolsa Organizzata Collection - G - Preto"
"442;EBL-007.PT;Enchimento de bolsa Organizzata Collection - GG - Preto"
"530;BRD-004;Sacola TNT"
"595;PTV-005;Kit com 2 Sacos de Organza para objetos P - Organizzata Collection"
"596;PTV-006;Kit com 2 Sacos de Organza para objetos M - Organizzata Collection"
"597;PTV-007;Kit com 2 Sacos de Organza para objetos G - Organizzata Collection"
"598;PTV-008;Kit com 2 Sacos de Organza para objetos GG - Organizzata Collection"
"599;BRD-005;Necessaire em PVC"
"632;PTH-001.BG;Protetor Talheres Café / Chá- Organizzata Collection - Bege"
"633;PTH-001.MR;Protetor Talheres Café / Chá- Organizzata Collection - Marrom"
"634;PTH-002.BG;Protetor Talheres de Mesa - Organizzata Collection - Bege"
"635;PTH-002.MR;Protetor Talheres de Mesa - Organizzata Collection - Marrom"
"636;PTH-003.BG;Protetor Talheres de Servir - Organizzata Collection - Bege"
"637;PTH-003.MR;Protetor Talheres de Servir - Organizzata Collection - Marrom"
"638;PTH-004.BG;Protetor Talheres Concha - Organizzata Collection - Bege"
"639;PTH-004.MR;Protetor Talheres Concha - Organizzata Collection - Marrom"
"640;PPR-001.BG;Protetor de Pratos Raso - Organizzata Collection - Bege"
"641;PPR-001.MR;Protetor de Pratos Raso - Organizzata Collection - Marrom"
"642;PPR-002.BG;Protetor de Pratos Sopa - Organizzata Collection - Bege"
"643;PPR-002.MR;Protetor de Pratos Sopa - Organizzata Collection - Marrom"
"644;PPR-003.BG;Protetor de Pratos Pão - Organizzata Collection - Bege"
"645;PPR-003.MR;Protetor de Pratos Pão - Organizzata Collection - Marrom"
"646;PPR-004.BG;Protetor de Pratos Sobremesa - Organizzata Collection - Bege"
"647;PPR-004.MR;Protetor de Pratos Sobremesa - Organizzata Collection - Marrom"
"681;BND-007;Bolsa Térmica Dog Excellence Vinho"
"687;BND-008;Máscara em TNT Dupla"
"688;BND-009;Kit com 5 Máscaras em TNT Dupla"
"692;BND-013;Kit com 5 Máscaras em TNT Básica"
"693;BND-014;Máscara em TNT Básica"
"699;BND-018;Máscara em Tricoline Premium - Praticità"
"713;BND-003.AE ;Cobertor Fleece para Pets - 60x75cm - Azul Escuro"
"714;BND-003.BH ;Cobertor Fleece para Pets - 60x75cm - Baunilha"
"715;BND-003.CZ ;Cobertor Fleece para Pets - 60x75cm - Cinza"
"716;BND-003.PT ;Cobertor Fleece para Pets - 60x75cm - Preto"
"717;BND-003.RS ;Cobertor Fleece para Pets - 60x75cm - Rosa"
"718;BND-003.VN ;Cobertor Fleece para Pets - 60x75cm - Vinho"
"720;BND-020;Máscara em Tricoline Básica - Praticità"
"737;CVT-003.BR ;Capa para Vestido Smart - Branco"
"741;BND-003.NT ;Cobertor Fleece para Pets - 60x75cm - Natural"
"744;COL-050;Colmeia Invisível PP - 10 nichos - Organizzata Collection"
"745;COL-051;Colmeia Invisível P - 10 nichos - Organizzata Collection"
"746;COL-052;Colmeia Invisível M - 10 nichos - Organizzata Collection"
"747;COL-053;Colmeia Invisível G - 10 nichos - Organizzata Collection"
"7898703990000;COL-003.CQ;Colmeia Transparente M - 10 nichos - Premium - Cáqui"
"7898703990017;COL-003.PT;Colmeia Transparente M - 10 nichos - Premium - Preto"
"7898703990024;COL-003.RC;Colmeia Transparente M - 10 nichos - Premium - Rosa Claro"
"7898703990031;COL-004.AC;Colmeia Transparente Dupla - 12 nichos - Premium - Azul Claro"
"7898703990048;COL-004.CQ;Colmeia Transparente Dupla - 12 nichos - Premium - Cáqui"
"7898703990055;COL-004.PT;Colmeia Transparente Dupla - 12 nichos - Premium - Preto"
"7898703990062;COL-004.RC;Colmeia Transparente Dupla - 12 nichos - Premium - Rosa Claro"
"7898703990079;COL-005.AC;Colmeia Transparente G - 10 nichos - Premium - Azul Claro"
"7898703990086;COL-005.CQ;Colmeia Transparente G - 10 nichos - Premium - Cáqui"
"7898703990093;COL-005.PT;Colmeia Transparente G - 10 nichos - Premium - Preto"
"7898703990109;COL-005.RC;Colmeia Transparente G - 10 nichos - Premium - Rosa Claro"
"7898703990116;COL-026.AC;Colmeia Transparente para Sutiãs - 8 nichos - Premium - Azul Claro"
"7898703990123;COL-026.CQ;Colmeia Transparente para Sutiãs - 8 nichos - Premium - Cáqui"
"7898703990130;COL-026.PT;Colmeia Transparente para Sutiãs - 8 nichos - Premium - Preto"
"7898703990147;COL-026.RC;Colmeia Transparente para Sutiãs - 8 nichos - Premium - Rosa Claro"
"7898703990154;CTN-002.BR;Capa para Terno Smart - Branco"
"7898703990161;MTN-022.CQ;Protetor para Roupas de Cama, Mesa e Banho - Baby - Premium - Cáqui"
"7898703990178;MTN-019.CQ;Protetor para Roupas de Cama, Mesa e Banho - Baby - Smart - Cáqui"
"7898703990185;MTN-025.CQ;Protetor para Roupas de Cama, Mesa e Banho - G - Premium - Cáqui"
"7898703990192;MTN-012.CQ;Protetor para Roupas de Cama, Mesa e Banho - G - Smart - Cáqui"
"7898703990208;MTN-026.CQ;Protetor para Roupas de Cama, Mesa e Banho - GG - Premium - Cáqui"
"7898703990215;MTN-021.CQ;Protetor para Roupas de Cama, Mesa e Banho - GG - Smart - Cáqui"
"7898703990222;MTN-024.CQ;Protetor para Roupas de Cama, Mesa e Banho - M - Premium - Cáqui"
"7898703990239;MTN-011.CQ;Protetor para Roupas de Cama, Mesa e Banho - M - Smart - Cáqui"
"7898703990246;MTN-027.CQ;Protetor para Roupas de Cama, Mesa e Banho - P - Premium - Cáqui"
"7898703990253;MTN-010.CQ;Protetor para Roupas de Cama, Mesa e Banho - P - Smart - Cáqui"
"7898703990260;MTN-023.CQ;Protetor para Roupas de Cama, Mesa e Banho - Slim - Premium - Cáqui"
"7898703990277;MTN-020.CQ;Protetor para Roupas de Cama, Mesa e Banho - Slim - Smart - Cáqui"
"7898703990284;TMS-002.FL;Toalha de Mesa Impermeável - Pequena - Flamingos"
"7898703990291;TMS-002.FH;Toalha de Mesa Impermeável - Pequena - Folhas"
"7898703990307;TMS-002.LH;Toalha de Mesa Impermeável - Pequena - Lhamas"
"7898703990314;TMS-001.FL;Toalha de Mesa Impermeável - Grande - Flamingos"
"7898703990321;TMS-001.FH;Toalha de Mesa Impermeável - Grande - Folhas"
"7898703990338;TMS-001.LH;Toalha de Mesa Impermeável - Grande - Lhamas"
"7898703990352;MTN-029.BR;Protetor de roupas - Smart - Branco"
"7898703990376;COL-032-PR;Colmeia Invisível Dupla - 12 nichos - Preçolândia"
"7898703990383;COL-031-PR;Colmeia Invisível G - 10 nichos - Preçolândia"
"7898703990390;COL-030-PR;Colmeia Invisível M - 10 nichos - Preçolândia"
"7898703990406;COL-029-PR;Colmeia Invisível P - 10 nichos - Preçolândia"
"7898703990413;COL-033-PR;Colmeia Invisível para Sutiãs - 8 nichos - Preçolândia"
"7898703990420;COL-028-PR;Colmeia Invisível PP - 10 nichos - Preçolândia"
"7898703990437;COL-008.BR-PR;Colmeia TNT Dupla - 12 nichos - Premium - Branco - Preçolândia"
"7898703990444;COL-041.BR-PR;Colmeia TNT Dupla - 12 nichos - Smart - Branco - Preçolândia"
"7898703990451;COL-010.BR-PR;Colmeia TNT G - 10 nichos - Premium - Branco - Preçolândia"
"7898703990468;COL-040.BR-PR;Colmeia TNT G - 10 nichos - Smart - Branco - Preçolândia"
"7898703990475;COL-009.BR-PR;Colmeia TNT M - 10 nichos - Premium - Branco - Preçolândia"
"7898703990482;COL-039.BR-PR;Colmeia TNT M - 10 nichos - Smart - Branco - Preçolândia"
"7898703990499;COL-007.BR-PR;Colmeia TNT P - 10 nichos - Premium - Branco - Preçolândia"
"7898703990505;COL-038.BR-PR;Colmeia TNT P - 10 nichos - Smart - Branco - Preçolândia"
"7898703990512;COL-027.BR-PR;Colmeia TNT para Sutiãs - 8 nichos - Premium - Branco - Preçolândia"
"7898703990529;COL-042.BR-PR;Colmeia TNT para Sutiãs - 8 nichos - Smart - Branco - Preçolândia"
"7898703990536;COL-006.BR-PR;Colmeia TNT PP - 10 nichos - Premium - Branco - Preçolândia"
"7898703990543;COL-037.BR-PR;Colmeia TNT PP - 10 nichos - Smart - Branco - Preçolândia"
"7898703990550;COL-004.BR-PR;Colmeia Transparente Dupla - 12 nichos - Premium - Branco - Preçolândia"
"7898703990567;COL-024.BR-PR;Colmeia Transparente Dupla - 12 nichos - Smart - Branco - Preçolândia"
"7898703990574;COL-005.BR-PR;Colmeia Transparente G - 10 nichos - Premium - Branco - Preçolândia"
"7898703990581;COL-023.BR-PR;Colmeia Transparente G - 10 nichos - Smart - Branco - Preçolândia"
"7898703990598;COL-003.BR-PR;Colmeia Transparente M - 10 nichos - Premium - Branco - Preçolândia"
"7898703990604;COL-022.BR-PR;Colmeia Transparente M - 10 nichos - Smart - Branco - Preçolândia"
"7898703990611;COL-002.BR-PR;Colmeia Transparente P - 10 nichos - Premium - Branco - Preçolândia"
"7898703990628;COL-021.BR-PR;Colmeia Transparente P - 10 nichos - Smart - Branco - Preçolândia"
"7898703990635;COL-026.BR-PR;Colmeia Transparente para Sutiãs - 8 nichos - Premium - Branco - Preçolândia"
"7898703990642;COL-025.BR-PR;Colmeia Transparente para Sutiãs - 8 nichos - Smart - Branco - Preçolândia"
"7898703990659;COL-001.BR-PR;Colmeia Transparente PP - 10 nichos - Premium - Branco - Preçolândia"
"7898703990666;COL-020.BR-PR;Colmeia Transparente PP - 10 nichos - Smart - Branco - Preçolândia"
"7898703990673;MTN-022.BR-PR;Protetor para Roupas de Cama, Mesa e Banho - Baby - Premium - Branco - Preçolândia"
"7898703990680;MTN-022.CQ-PR;Protetor para Roupas de Cama, Mesa e Banho - Baby - Premium - Cáqui - Preçolândia"
"7898703990697;MTN-019.BR-PR;Protetor para Roupas de Cama, Mesa e Banho - Baby - Smart - Branco - Preçolândia"
"7898703990703;MTN-019.CQ-PR;Protetor para Roupas de Cama, Mesa e Banho - Baby - Smart - Cáqui - Preçolândia"
"7898703990710;MTN-025.BR-PR;Protetor para Roupas de Cama, Mesa e Banho - G - Premium - Branco - Preçolândia"
"7898703990727;MTN-025.CQ-PR;Protetor para Roupas de Cama, Mesa e Banho - G - Premium - Cáqui - Preçolândia"
"7898703990734;MTN-012.BR-PR;Protetor para Roupas de Cama, Mesa e Banho - G - Smart - Branco - Preçolândia"
"7898703990741;MTN-012.CQ-PR;Protetor para Roupas de Cama, Mesa e Banho - G - Smart - Cáqui - Preçolândia"
"7898703990758;MTN-026.BR-PR;Protetor para Roupas de Cama, Mesa e Banho - GG - Premium - Branco - Preçolândia"
"7898703990765;MTN-026.CQ-PR;Protetor para Roupas de Cama, Mesa e Banho - GG - Premium - Cáqui - Preçolândia"
"7898703990772;MTN-021.BR-PR;Protetor para Roupas de Cama, Mesa e Banho - GG - Smart - Branco - Preçolândia"
"7898703990789;MTN-021.CQ-PR;Protetor para Roupas de Cama, Mesa e Banho - GG - Smart - Cáqui - Preçolândia"
"7898703990796;MTN-024.BR-PR;Protetor para Roupas de Cama, Mesa e Banho - M - Premium - Branco - Preçolândia"
"7898703990802;MTN-024.CQ-PR;Protetor para Roupas de Cama, Mesa e Banho - M - Premium - Cáqui - Preçolândia"
"7898703990819;MTN-011.BR-PR;Protetor para Roupas de Cama, Mesa e Banho - M - Smart - Branco - Preçolândia"
"7898703990826;MTN-011.CQ-PR;Protetor para Roupas de Cama, Mesa e Banho - M - Smart - Cáqui - Preçolândia"
"7898703990833;MTN-027.BR-PR;Protetor para Roupas de Cama, Mesa e Banho - P - Premium - Branco - Preçolândia"
"7898703990840;MTN-027.CQ-PR;Protetor para Roupas de Cama, Mesa e Banho - P - Premium - Cáqui - Preçolândia"
"7898703990857;MTN-010.BR-PR;Protetor para Roupas de Cama, Mesa e Banho - P - Smart - Branco - Preçolândia"
"7898703990864;MTN-010.CQ-PR;Protetor para Roupas de Cama, Mesa e Banho - P - Smart - Cáqui - Preçolândia"
"7898703990871;MTN-023.BR-PR;Protetor para Roupas de Cama, Mesa e Banho - Slim - Premium - Branco - Preçolândia"
"7898703990888;MTN-023.CQ-PR;Protetor para Roupas de Cama, Mesa e Banho - Slim - Premium - Cáqui - Preçolândia"
"7898703990895;MTN-020.BR-PR;Protetor para Roupas de Cama, Mesa e Banho - Slim - Smart - Branco - Preçolândia"
"7898703990901;MTN-020.CQ-PR;Protetor para Roupas de Cama, Mesa e Banho - Slim - Smart - Cáqui - Preçolândia"
"7898703990918;PBS-003.BR-PR;Protetor de bolsas para closet / armário G - Branco - Preçolândia"
"7898703990925;PBS-002.BR-PR;Protetor de bolsas para closet / armário M - Branco - Preçolândia"
"7898703990932;PBS-001.BR-PR;Protetor de bolsas para closet / armário P - Branco - Preçolândia"
"7898703990949;TMS-001.FL-PR;Toalha de Mesa Impermeável - Grande - Flamingos - Preçolândia"
"7898703990956;TMS-001.FH-PR;Toalha de Mesa Impermeável - Grande - Folhas - Preçolândia"
"7898703990963;TMS-001.LH-PR;Toalha de Mesa Impermeável - Grande - Lhamas - Preçolândia"
"7898703990970;TMS-001. LBR-PR;Toalha de Mesa Impermeável - Grande - Linho Branco - Preçolândia"
"7898703990987;TMS-001. JB-PR;Toalha de Mesa Impermeável - Grande - Juta Bege - Preçolândia"
"7898703990994;TMS-001. RT-PR;Toalha de Mesa Impermeável - Grande - Retalhos - Preçolândia"
"7898703991007;TMS-002.FL-PR;Toalha de Mesa Impermeável - Pequena - Flamingos - Preçolândia"
"7898703991014;TMS-002.FH-PR;Toalha de Mesa Impermeável - Pequena - Folhas - Preçolândia"
"7898703991021;TMS-002.LH-PR;Toalha de Mesa Impermeável - Pequena - Lhamas - Preçolândia"
"7898703991038;TMS-002. LBR-PR;Toalha de Mesa Impermeável - Pequena - Linho Branco - Preçolândia"
"7898703991045;TMS-002. JB-PR;Toalha de Mesa Impermeável - Pequena - Juta Bege - Preçolândia"
"7898703991052;TMS-002. RT-PR;Toalha de Mesa Impermeável - Pequena - Retalhos - Preçolândia"
"7898703991069;TMS-002.XV;Toalha de Mesa Impermeável - Pequena - Xadrez Vermelho"
"7898703991076;TMS-001.XV;Toalha de Mesa Impermeável - Grande - Xadrez Vermelho"
"7898703991083;HH-0140;Colmeia Invisível PP - 10 nichos - Hudson Home"
"7898703991090;HH-0141;Colmeia Invisível P - 10 nichos - Hudson Home"
"7898703991106;HH-0142;Colmeia Invisível M - 10 nichos - Hudson Home"
"7898703991113;HH-0143;Colmeia Invisível G - 10 nichos - Hudson Home"
"7898703991120;HH-0144;Colmeia Invisível Dupla - 12 nichos - Hudson Home"
"7898703991137;HH-0146;Protetor para Roupas de Cama, Mesa e Banho - Hudson Home - Baby - Premium - Branco"
"7898703991144;HH-0150;Protetor para Roupas de Cama, Mesa e Banho - Hudson Home
 - P - Premium - Branco"
"7898703991151;HH-0147;Protetor para Roupas de Cama, Mesa e Banho -Hudson Home
- M - Premium - Branco"
"7898703991168;HH-0148;Protetor para Roupas de Cama, Mesa e Banho - Hudson Home
 - G - Premium - Branco"
"7898703991175;HH-0149;Protetor para Roupas de Cama, Mesa e Banho - Hudson Home - GG - Premium - Branco"
"7898703991182;HH-0145;Colmeia Invisível para Sutiãs - 8 nichos - Hudson Home"
"7898703991199;ADS-001;Etiquetas Adesivas para Organização de Closet Feminino - Mini - 72 un"
"7898703991205;ADS-002;Etiquetas Adesivas para Organização de Closet Masculino - Mini - 72 un"
"7898703991212;ADS-003;Etiquetas Adesivas para Organização de Closet Feminino - Média - 20 un"
"7898703991229;ADS-004;Etiquetas Adesivas para Organização de Closet Masculino - Média - 20 un"
"7898703991236;ADS-005;Etiquetas Adesivas para Organização de Geladeira - Média - 20 un"
"7898703991243;ADS-006;Etiquetas Adesivas para Organização de Temperos - Média - 20 un"
"7898703991250;ADS-007;Etiquetas Adesivas para Organização de Despensa - Média - 20 un"
"7898703991267;ADS-008;Etiquetas Adesivas para Organização de Despensa - Mini - 72 un"
"7898703991274;ADS-009;Etiquetas Adesivas para Organização de Prod. de Limpeza - Média - 20 un"
"7898703991281;ADS-010;Etiquetas Adesivas para Organização de Prod. de Temperos - Mini - 72 un"
"7898703991298;CTO-001.BR;Cesto Organizador Multiuso M - Branco"
"7898703991304;CTO-002.BR;Cesto Organizador Multiuso G - Branco"
"7898703991311;CTO-001.PT;Cesto Organizador Multiuso M - Preto"
"7898703991328;CTO-002.PT;Cesto Organizador Multiuso G - Preto"
"7898703991335;OLC-002.BR;Organizador Lateral para Cama - Smart - Branco"
"7898703991342;OLC-002.BG;Organizador Lateral para Cama - Smart - Bege"
"7898703991359;OLC-001.BR;Organizador Lateral para Cama - Premium - Branco"
"7898703991366;OLC-001.BG;Organizador Lateral para Cama - Premium - Bege"
"7898703991373;OLC-002.PT;Organizador Lateral para Cama - Smart - Preto"
"7898703991380;OLC-001.PT;Organizador Lateral para Cama - Premium - Preto"
"7898703991397;PTS-001.PT;Puxa Sacos - Premium - Preto"
"7898703991403;PTS-001.BR;Puxa Sacos - Premium - Branco"
"7898703991410;PTV-001.CQ;Organizador interno tipo refil para bolsa M - Premium - Cáqui"
"7898964497010;COL-001.BR;Colmeia Transparente PP - 10 nichos - Premium - Branco"
"7898964497027;COL-002.BR;Colmeia Transparente P - 10 nichos - Premium - Branco"
"7898964497034;COL-003.BR;Colmeia Transparente M - 10 nichos - Premium - Branco"
"7898964497041;COL-004.BR;Colmeia Transparente Dupla - 12 nichos - Premium - Branco"
"7898964497058;COL-005.BR;Colmeia Transparente G - 10 nichos - Premium - Branco"
"7898964497065;COL-026.BR;Colmeia Transparente para Sutiãs - 8 nichos - Premium - Branco"
"7898964497072;COL-020.BR;Colmeia Transparente PP - 10 nichos - Smart - Branco"
"7898964497089;COL-021.BR;Colmeia Transparente P - 10 nichos - Smart - Branco"
"7898964497096;COL-022.BR;Colmeia Transparente M - 10 nichos - Smart - Branco"
"7898964497102;COL-024.BR;Colmeia Transparente Dupla - 12 nichos - Smart - Branco"
"7898964497119;COL-023.BR;Colmeia Transparente G - 10 nichos - Smart - Branco"
"7898964497126;COL-025.BR;Colmeia Transparente para Sutiãs - 8 nichos - Smart - Branco"
"7898964497133;COL-037.BR;Colmeia TNT PP - 10 nichos - Smart - Branco"
"7898964497140;COL-038.BR;Colmeia TNT P - 10 nichos - Smart - Branco"
"7898964497157;COL-041.BR;Colmeia TNT Dupla - 12 nichos - Smart - Branco"
"7898964497164;COL-039.BR;Colmeia TNT M - 10 nichos - Smart - Branco"
"7898964497171;COL-040.BR;Colmeia TNT G - 10 nichos - Smart - Branco"
"7898964497188;COL-042.BR;Colmeia TNT para Sutiãs - 8 nichos - Smart - Branco"
"7898964497195;CTN-001.BR;Capa para Terno Premium - Branco"
"7898964497201;CVT-001.BR;Capa para Vestido Premium - Branco"
"7898964497218;CRL-001.BR;Colmeia Porta Relógio - Branco"
"7898964497225;CRL-001.PT;Colmeia Porta Relógio - Preto"
"7898964497232;COC-001.CM;Colmeia Porta Óculos - Creme"
"7898964497249;COC-001.CZ;Colmeia Porta Óculos - Cinza"
"7898964497256;PTV-001.MR;Organizador interno tipo refil para bolsa M - Premium - Marrom"
"7898964497263;PTV-001.PT;Organizador interno tipo refil para bolsa M - Premium - Preto"
"7898964497270;PTV-004;Organizador interno tipo refil para bolsa M - Smart"
"7898964497287;PBS-001.BR;Protetor de bolsas para closet / armário P - Branco"
"7898964497294;PBS-002.BR;Protetor de bolsas para closet / armário M - Branco"
"7898964497300;PBS-003.BR;Protetor de bolsas para closet / armário G - Branco"
"7898964497317;MTN-019.BR;Protetor para Roupas de Cama, Mesa e Banho - Baby - Smart - Branco"
"7898964497324;MTN-010.BR;Protetor para Roupas de Cama, Mesa e Banho - P - Smart - Branco"
"7898964497331;MTN-011.BR;Protetor para Roupas de Cama, Mesa e Banho - M - Smart - Branco"
"7898964497348;MTN-012.BR;Protetor para Roupas de Cama, Mesa e Banho - G - Smart - Branco"
"7898964497355;MTN-021.BR;Protetor para Roupas de Cama, Mesa e Banho - GG - Smart - Branco"
"7898964497362;MTN-020.BR;Protetor para Roupas de Cama, Mesa e Banho - Slim - Smart - Branco"
"7898964497379;COL-028;Colmeia Invisível PP - 10 nichos"
"7898964497386;COL-029;Colmeia Invisível P - 10 nichos"
"7898964497393;COL-030;Colmeia Invisível M - 10 nichos"
"7898964497409;COL-031;Colmeia Invisível G - 10 nichos"
"7898964497416;COL-032;Colmeia Invisível Dupla - 12 nichos"
"7898964497423;MTN-022.BR;Protetor para Roupas de Cama, Mesa e Banho - Baby - Premium - Branco"
"7898964497430;MTN-027.BR;Protetor para Roupas de Cama, Mesa e Banho - P - Premium - Branco"
"7898964497447;MTN-024.BR;Protetor para Roupas de Cama, Mesa e Banho - M - Premium - Branco"
"7898964497454;MTN-025.BR;Protetor para Roupas de Cama, Mesa e Banho - G - Premium - Branco"
"7898964497461;MTN-026.BR;Protetor para Roupas de Cama, Mesa e Banho - GG - Premium - Branco"
"7898964497478;MTN-023.BR;Protetor para Roupas de Cama, Mesa e Banho - Slim - Premium - Branco"
"7898964497485;EBL-001.BR;Enchimento de bolsa P - Branco"
"7898964497492;EBL-002.BR;Enchimento de bolsa M - Branco"
"7898964497508;EBL-003.BR;Enchimento de bolsa G - Branco"
"7898964497515;COL-033;Colmeia Invisível para Sutiãs - 8 nichos"
"7898964497539;COL-006.BR;Colmeia TNT PP - 10 nichos - Premium - Branco"
"7898964497546;COL-007.BR;Colmeia TNT P - 10 nichos - Premium - Branco"
"7898964497553;COL-009.BR;Colmeia TNT M - 10 nichos - Premium - Branco"
"7898964497560;COL-010.BR;Colmeia TNT G - 10 nichos - Premium - Branco"
"7898964497577;COL-008.BR;Colmeia TNT Dupla - 12 nichos - Premium - Branco"
"7898964497584;COL-027.BR;Colmeia TNT para Sutiãs - 8 nichos - Premium - Branco"
"7898964497591;COC-001.PT;Colmeia Porta Óculos - Preto"
"7898964497607;COC-001.BR;Colmeia Porta Óculos - Branco"
"7898964497621;BND-019;Kit com 2 Máscaras em Tricoline Básica - Praticità"
"7898964497638;BND-016;Kit com 10 Máscaras em TNT Básica"
"7898964497645;BND-015;Kit com 10 Máscaras em TNT Dupla"
"7898964497713;TMS-002. XP;Toalha de Mesa Impermeável - Pequena - Xadrez Preto"
"7898964497720;TMS-002. XA;Toalha de Mesa Impermeável - Pequena - Xadrez Azul"
"7898964497737;TMS-002. RT;Toalha de Mesa Impermeável - Pequena - Retalhos"
"7898964497744;TMS-002. LBR;Toalha de Mesa Impermeável - Pequena - Linho Branco"
"7898964497768;TMS-002. JB;Toalha de Mesa Impermeável - Pequena - Juta Bege"
"7898964497775;TMS-002. EM;Toalha de Mesa Impermeável - Pequena - Exclusive Marrom"
"7898964497782;TMS-002. CP;Toalha de Mesa Impermeável - Pequena - Chevron Preto"
"7898964497799;TMS-002. CC;Toalha de Mesa Impermeável - Pequena - Chevron Cinza"
"7898964497805;TMS-002. AP;Toalha de Mesa Impermeável - Pequena - Azulejo Português"
"7898964497812;TMS-001. XP;Toalha de Mesa Impermeável - Grande - Xadrez Preto"
"7898964497829;TMS-001. XA;Toalha de Mesa Impermeável - Grande - Xadrez Azul"
"7898964497836;TMS-001. RT;Toalha de Mesa Impermeável - Grande - Retalhos"
"7898964497843;TMS-001. LBR;Toalha de Mesa Impermeável - Grande - Linho Branco"
"7898964497867;TMS-001. JB;Toalha de Mesa Impermeável - Grande - Juta Bege"
"7898964497874;TMS-001. EM;Toalha de Mesa Impermeável - Grande - Exclusive Marrom"
"7898964497881;TMS-001. CP;Toalha de Mesa Impermeável - Grande - Chevron Preto"
"7898964497898;TMS-001. CC;Toalha de Mesa Impermeável - Grande - Chevron Cinza"
"7898964497904;TMS-001. AP;Toalha de Mesa Impermeável - Grande - Azulejo Português"
"7898964497911;COL-001.AC;Colmeia Transparente PP - 10 nichos - Premium - Azul Claro"
"7898964497928;COL-001.CQ;Colmeia Transparente PP - 10 nichos - Premium - Cáqui"
"7898964497935;COL-001.PT;Colmeia Transparente PP - 10 nichos - Premium - Preto"
"7898964497942;COL-001.RC;Colmeia Transparente PP - 10 nichos - Premium - Rosa Claro"
"7898964497959;COL-002.AC;Colmeia Transparente P - 10 nichos - Premium - Azul Claro"
"7898964497966;COL-002.CQ;Colmeia Transparente P - 10 nichos - Premium - Cáqui"
"7898964497973;COL-002.PT;Colmeia Transparente P - 10 nichos - Premium - Preto"
"7898964497980;COL-002.RC;Colmeia Transparente P - 10 nichos - Premium - Rosa Claro"
"7898964497997;COL-003.AC;Colmeia Transparente M - 10 nichos - Premium - Azul Claro"
"91378;MTN-028.10BL;Caixa - Protetor para Enxovais - Organizzata Collection - G16Branco Liso"
"91379;MTN-028.10BRO;Caixa - Protetor para Enxovais - Organizzata Collection - G16Branco Romântico"
"91380;MTN-028.10IA;Caixa - Protetor para Enxovais - Organizzata Collection - G16Infantil Azul"
"91381;MTN-028.10IR;Caixa - Protetor para Enxovais - Organizzata Collection - G16Infantil Rosa"
"91382;MTN-028.11BL;Caixa - Protetor para Enxovais - Organizzata Collection - G26 Branco Liso"
"91383;MTN-028.11BRO;Caixa - Protetor para Enxovais - Organizzata Collection - G26Branco Romântico"
"91386;MTN-028.9BL;Caixa - Protetor para Enxovais - Organizzata Collection - G6Branco Liso"
"91387;MTN-028.9BRO;Caixa - Protetor para Enxovais - Organizzata Collection - G6Branco Romântico"
"91390;MTN-028.13BL;Caixa - Protetor para Enxovais - Organizzata Collection - GG26Branco Liso"
"91391;MTN-028.13BRO;Caixa - Protetor para Enxovais - Organizzata Collection - GG26Branco Romântico"
"91394;MTN-028.14BL;Caixa - Protetor para Enxovais - Organizzata Collection - GG36Branco Liso"
"91395;MTN-028.14BRO;Caixa - Protetor para Enxovais - Organizzata Collection - GG36Branco Romântico"
"91398;MTN-028.12BL;Caixa - Protetor para Enxovais - Organizzata Collection - GGXBranco Liso"
"91399;MTN-028.12BRO;Caixa - Protetor para Enxovais - Organizzata Collection - GGXBranco Romântico"
"91402;MTN-028.8BL;Caixa - Protetor para Enxovais - Organizzata Collection - GXBranco Liso"
"91403;MTN-028.8BRO;Caixa - Protetor para Enxovais - Organizzata Collection - GXBranco Romântico"
"91406;MTN-028.6BL;Caixa - Protetor para Enxovais - Organizzata Collection - M16Branco Liso"
"91407;MTN-028.6BRO;Caixa - Protetor para Enxovais - Organizzata Collection - M16Branco Romântico"
"91408;MTN-028.6IA;Caixa - Protetor para Enxovais - Organizzata Collection - M16Infantil Azul"
"91409;MTN-028.6IR;Caixa - Protetor para Enxovais - Organizzata Collection - M16Infantil Rosa"
"91410;MTN-028.7BL;Caixa - Protetor para Enxovais - Organizzata Collection - M26Branco Liso"
"91411;MTN-028.7BRO;Caixa - Protetor para Enxovais - Organizzata Collection - M26Branco Romântico"
"91414;MTN-028.5BL;Caixa - Protetor para Enxovais - Organizzata Collection - M6Branco Liso"
"91415;MTN-028.5BRO;Caixa - Protetor para Enxovais - Organizzata Collection - M6Branco Romântico"
"91418;MTN-028.4BL;Caixa - Protetor para Enxovais - Organizzata Collection - MXBranco Liso"
"91419;MTN-028.4BRO;Caixa - Protetor para Enxovais - Organizzata Collection - MXBranco Romântico"
"91420;MTN-028.4IA;Caixa - Protetor para Enxovais - Organizzata Collection - MXInfantil Azul"
"91421;MTN-028.4IR;Caixa - Protetor para Enxovais - Organizzata Collection - MXInfantil Rosa"
"91422;MTN-028.3BL;Caixa - Protetor para Enxovais - Organizzata Collection - P16Branco Liso"
"91423;MTN-028.3BRO;Caixa - Protetor para Enxovais - Organizzata Collection - P16Branco Romântico"
"91424;MTN-028.3IA;Caixa - Protetor para Enxovais - Organizzata Collection - P16Infantil Azul"
"91425;MTN-028.3IR;Caixa - Protetor para Enxovais - Organizzata Collection - P16Infantil Rosa"
"91426;MTN-028.2BL;Caixa - Protetor para Enxovais - Organizzata Collection - P6Branco Liso"
"91427;MTN-028.2BRO;Caixa - Protetor para Enxovais - Organizzata Collection - P6Branco Romântico"
"91428;MTN-028.2IA;Caixa - Protetor para Enxovais - Organizzata Collection - P6Infantil Azul"
"91429;MTN-028.2IR;Caixa - Protetor para Enxovais - Organizzata Collection - P6Infantil Rosa"
"91430;MTN-028.1BL;Caixa - Protetor para Enxovais - Organizzata Collection - PXBranco Liso"
"91431;MTN-028.1BRO;Caixa - Protetor para Enxovais - Organizzata Collection - PXBranco Romântico"
"91459;COL-054;Caixa - Colmeia TNT"
"91745;BND-021;Caixa - Sacola de Praia Neon"
"91962;MOP-004;Caixa - Cubo Para Brinquedos G - Organizzata Collection"
"91963;MOP-005;Caixa - Cubo Para Brinquedos M - Organizzata Collection"
"91964;MOP-006;Caixa - Cubo Para Brinquedos P - Organizzata Collection"
"91965;MOP-004.AC;Caixa - Cubo Para Brinquedos G - Organizzata Collection - Azul Claro"
"91966;MOP-004.BR;Caixa - Cubo Para Brinquedos G - Organizzata Collection - Branco"
"91967;MOP-004.RC;Caixa - Cubo Para Brinquedos G - Organizzata Collection - Rosa Claro"
"91968;MOP-005.AC;Caixa - Cubo Para Brinquedos M - Organizzata Collection - Azul Claro"
"91969;MOP-005.BR;Caixa - Cubo Para Brinquedos M - Organizzata Collection - Branco"
"91970;MOP-005.RC;Caixa - Cubo Para Brinquedos M - Organizzata Collection - Rosa Claro"
"91971;MOP-006.AC;Caixa - Cubo Para Brinquedos P - Organizzata Collection - Azul Claro"
"91972;MOP-006.BR;Caixa - Cubo Para Brinquedos P - Organizzata Collection - Branco"
"91973;MOP-006.RC;Caixa - Cubo Para Brinquedos P - Organizzata Collection - Rosa Claro"
"92045;SPT-002;Caixa - Kit com 3 sacos para sapatos - Smart"
"92160;SER-033;Caixa - Estorno de créditos de ICMS"
"92192;BND-023;Caixa - Cobertor Fleece para Pets - 60x75cm - Nexgard"
"92203;PTV-009.CZ;Caixa - Bolsa de enrolar com gomos P - Organizzata Collection - Cinza"
"92204;PTV-009.RN;Caixa - Bolsa de enrolar com gomos P - Organizzata Collection - Rosa Neon"
"92205;PTV-009.VDN;Caixa - Bolsa de enrolar com gomos P - Organizzata Collection - Verde Neon"
"92206;PTV-010.CZ;Caixa - Bolsa de enrolar com gomos M - Organizzata Collection - Cinza"
"92207;PTV-010.RN;Caixa - Bolsa de enrolar com gomos M - Organizzata Collection - Rosa Neon"
"92208;PTV-010.VDN;Caixa - Bolsa de enrolar com gomos M - Organizzata Collection - Verde Neon"
"92209;PTV-011.CZ;Caixa - Bolsa de enrolar com gomos G - Organizzata Collection - Cinza"
"92210;PTV-011.RN;Caixa - Bolsa de enrolar com gomos G - Organizzata Collection - Rosa Neon"
"92211;PTV-011.VDN;Caixa - Bolsa de enrolar com gomos G - Organizzata Collection - Verde Neon"
"92219;BND-024;Caixa - Nécessaire Puro Afeto em Columbia"
"92445;CRL-003.CZ;Caixa - Porta Máscara frente e verso - Organizzata Collection - Cinza"
"92446;CRL-003.RN;Caixa - Porta Máscara frente e verso - Organizzata Collection - Rosa Neon"
"92447;CRL-003.VDN;Caixa - Porta Máscara frente e verso - Organizzata Collection - Verde Neon"
"92454;MTN-034.CQ;Caixa - Protetor para Mesa Posta - Organizzata Collection - R10 Slim - Cáqui"
"92455;MTN-033.CQ;Caixa - Protetor para Mesa Posta - Organizzata Collection - QX - Cáqui"
"92456;PTV-012.CQ;Caixa - kit com 2 Rolinhos para Anéis de Guardanapos - Cáqui"
"92457;MTN-032.CQ;Caixa - Protetor para Mesa Posta - Organizzata Collection - RX - Cáqui"
"92458;MTN-031.CQ;Caixa - Protetor para Mesa Posta - Organizzata Collection - R10 - Cáqui"
"92459;MTN-030.CQ;Caixa - Protetor para Mesa Posta - Organizzata Collection - Q10 - Cáqui"
"92543;BRD-001.VN;Caixa - Toca para Gatos em TNT - Cat Excellence - 
Vinho"
"92558;BTM-001;Caixa - Bolsa Térmica Seresto"
"9261;GBT-001;Caixa - Kit Gabarito Ideal Pack"
"92610;MOP-001.AC;Caixa - Cubo Para Brinquedos Slim M - Organizzata Collection - Azul Claro"
"92611;MOP-001.BR;Caixa - Cubo Para Brinquedos Slim M - Organizzata Collection - Branco"
"92612;MOP-001.RC;Caixa - Cubo Para Brinquedos Slim  M - Organizzata Collection - Rosa Claro"
"92621;TCG-001;Caixa - Toca para Gatos em TNT  - Reserva Gold - Preto"
"92622;CBQ-001;Caixa - Cestinho para brinquedos Pet - Reserva Gold - Estampado"
"9263;CBD-002;Caixa - Divisor de cabides redondo Ideal Pack"
"92635;MOP-003.AC;Caixa - Cubo Para Brinquedos Slim G - Organizzata Collection - Azul Claro"
"92636;MOP-003.BR;Caixa - Cubo Para Brinquedos Slim G - Organizzata Collection - Branco"
"92637;MOP-003.RC;Caixa - Cubo Para Brinquedos Slim G - Organizzata Collection - Rosa Claro"
"92638;MOP-002.AC;Caixa - Cubo Para Brinquedos Slim P - Organizzata Collection - Azul Claro"
"92639;MOP-002.BR;Caixa - Cubo Para Brinquedos Slim P - Organizzata Collection - Branco"
"9264;CBD-003;Caixa - Divisor de cabides quadrado Ideal Pack"
"92640;MOP-002.RC;Caixa - Cubo Para Brinquedos Slim P - Organizzata Collection - Rosa Claro"
"9265;CBD-004;Caixa - Classificador de Colmeia Ideal Pack"
"9266;CXO-001;Caixa - Caixa Org. Feminina 100 X 185 X 300MM"
"9267;CXO-002;Caixa - Caixa Org. Masculina 350 X 210 X 130MM"
"9268;CXO-003;Caixa - Caixa Org. Bota 550 X 300 X 110MM"
"9269;CXO-004;Caixa - Caixa Org. Rasteirinha 305 X 135 X 100MM"
"9273;EBT-001;Caixa - Suporte Flexível p/ Botas"
"9278;COC-002.CZ;Caixa - Colmeia Porta Óculos - Organizzata Collection - Cinza"
"9279;CRL-002.CZ;Caixa - Colmeia Porta Relógio - Organizzata Collection - Cinza"
"92802;BTM-001.AZ;Caixa - Bolsa Térmica Seresto Azul"
"9284;COC-002.MR;Caixa - Colmeia Porta Óculos - Organizzata Collection - Marrom"
"9289;CBD-001.PT;Caixa - Cabide Organizador de lenços - Preto"
"92902;PBS-006.BR;Caixa - Protetor de bolsas P - Organizzata Collection - Branco"
"92903;PBS-005.BR;Caixa - Protetor de bolsas G - Organizzata Collection - Branco"
"92904;PBS-004.BR;Caixa - Protetor de bolsas M - Organizzata Collection - Branco"
"92905;LPC-001.BG;Caixa - Lixeira para Carro M - Organizzata Collection - Bege"
"92906;LPC-002.BG;Caixa - Lixeira para Carro G - Organizzata Collection - Bege"
"9291;CVT-001.CQ;Caixa - Capa para Vestido Premium - Cáqui"
"93027;CTO-003.BR;Caixa - Cesto Organizador Multiuso G - Organizzata Collection - Branco"
"93028;CTO-003.PT;Caixa - Cesto Organizador Multiuso G - Organizzata Collection - Preto"
"93029;CTO-004.BR;Caixa - Cesto Organizador Multiuso M - Organizzata Collection - Branco"
"93030;CTO-004.PT;Caixa - Cesto Organizador Multiuso M - Organizzata Collection - Preto"
"93068;TCG-002;Caixa - Toca para Gatos em Tricoline - Cat Excellence - Estampas Variadas"
"9376;ORG-001.BG;Caixa - Porta Óculos Ideal Pack - Bege"
"9377;ORG-001.PT;Caixa - Porta Óculos Ideal Pack - Preto"
"9378;ORG-002.BG;Caixa - Porta Acessórios Aveludado 420 X 320 X 35MM - Bege"
"9379;ORG-002.PT;Caixa - Porta Acessórios Aveludado 420 X 320 X 35MM - Preto"
"9380;ORG-003.BG;Caixa - Porta Acessórios Aveludado 310 X 190 X 35MM - Bege"
"9381;ORG-003.PT;Caixa - Porta Acessórios Aveludado 310 X 190 X 35MM - Preto"
"9386;CXO-007;Caixa - Caixa Organizadora Inject Plásticos"
"9428;COC-002.BR;Caixa - Colmeia Porta Óculos - Organizzata Collection - Branco"
"9429;COC-002.CQ;Caixa - Colmeia Porta Óculos - Organizzata Collection - Cáqui"
"9430;CRL-002.BR;Caixa - Colmeia Porta Relógio - Organizzata Collection - Branco"
"9431;CRL-002.CQ;Caixa - Colmeia Porta Relógio - Organizzata Collection - Cáqui"
"9432;CTD-019.BR;Caixa - Colmeia Dupla - Organizzata Collection - Branco"
"9433;CTD-019.CQ;Caixa - Colmeia Dupla - Organizzata Collection - Cáqui"
"9437;EBL-004.PT;Caixa - Enchimento de bolsa Organizzata Collection - P - Preto"
"9438;EBL-005.PT;Caixa - Enchimento de bolsa Organizzata Collection - M - Preto"
"9439;EBL-006.PT;Caixa - Enchimento de bolsa Organizzata Collection - G - Preto"
"9442;EBL-007.PT;Caixa - Enchimento de bolsa Organizzata Collection - GG - Preto"
"9530;BRD-004;Caixa - Sacola TNT"
"9595;PTV-005;Caixa - Kit com 2 Sacos de Organza para objetos P - Organizzata Collection"
"9596;PTV-006;Caixa - Kit com 2 Sacos de Organza para objetos M - Organizzata Collection"
"9597;PTV-007;Caixa - Kit com 2 Sacos de Organza para objetos G - Organizzata Collection"
"9598;PTV-008;Caixa - Kit com 2 Sacos de Organza para objetos GG - Organizzata Collection"
"9599;BRD-005;Caixa - Necessaire em PVC"
"9632;PTH-001.BG;Caixa - Protetor Talheres Café / Chá- Organizzata Collection - Bege"
"9633;PTH-001.MR;Caixa - Protetor Talheres Café / Chá- Organizzata Collection - Marrom"
"9634;PTH-002.BG;Caixa - Protetor Talheres de Mesa - Organizzata Collection - Bege"
"9635;PTH-002.MR;Caixa - Protetor Talheres de Mesa - Organizzata Collection - Marrom"
"9636;PTH-003.BG;Caixa - Protetor Talheres de Servir - Organizzata Collection - Bege"
"9637;PTH-003.MR;Caixa - Protetor Talheres de Servir - Organizzata Collection - Marrom"
"9638;PTH-004.BG;Caixa - Protetor Talheres Concha - Organizzata Collection - Bege"
"9639;PTH-004.MR;Caixa - Protetor Talheres Concha - Organizzata Collection - Marrom"
"9640;PPR-001.BG;Caixa - Protetor de Pratos Raso - Organizzata Collection - Bege"
"9641;PPR-001.MR;Caixa - Protetor de Pratos Raso - Organizzata Collection - Marrom"
"9642;PPR-002.BG;Caixa - Protetor de Pratos Sopa - Organizzata Collection - Bege"
"9643;PPR-002.MR;Caixa - Protetor de Pratos Sopa - Organizzata Collection - Marrom"
"9644;PPR-003.BG;Caixa - Protetor de Pratos Pão - Organizzata Collection - Bege"
"9645;PPR-003.MR;Caixa - Protetor de Pratos Pão - Organizzata Collection - Marrom"
"9646;PPR-004.BG;Caixa - Protetor de Pratos Sobremesa - Organizzata Collection - Bege"
"9647;PPR-004.MR;Caixa - Protetor de Pratos Sobremesa - Organizzata Collection - Marrom"
"9681;BND-007;Caixa - Bolsa Térmica Dog Excellence Vinho"
"9687;BND-008;Caixa - Máscara em TNT Dupla"
"9688;BND-009;Caixa - Kit com 5 Máscaras em TNT Dupla"
"9692;BND-013;Caixa - Kit com 5 Máscaras em TNT Básica"
"9693;BND-014;Caixa - Máscara em TNT Básica"
"9699;BND-018;Caixa - Máscara em Tricoline Premium - Praticità"
"9713;BND-003.AE ;Caixa - Cobertor Fleece para Pets - 60x75cm - Azul Escuro"
"9714;BND-003.BH ;Caixa - Cobertor Fleece para Pets - 60x75cm - Baunilha"
"9715;BND-003.CZ ;Caixa - Cobertor Fleece para Pets - 60x75cm - Cinza"
"9716;BND-003.PT ;Caixa - Cobertor Fleece para Pets - 60x75cm - Preto"
"9717;BND-003.RS ;Caixa - Cobertor Fleece para Pets - 60x75cm - Rosa"
"9718;BND-003.VN ;Caixa - Cobertor Fleece para Pets - 60x75cm - Vinho"
"9720;BND-020;Caixa - Máscara em Tricoline Básica - Praticità"
"9737;CVT-003.BR ;Caixa - Capa para Vestido Smart - Branco"
"9741;BND-003.NT ;Caixa - Cobertor Fleece para Pets - 60x75cm - Natural"
"9744;COL-050;Caixa - Colmeia Invisível PP - 10 nichos - Organizzata Collection"
"9745;COL-051;Caixa - Colmeia Invisível P - 10 nichos - Organizzata Collection"
"9746;COL-052;Caixa - Colmeia Invisível M - 10 nichos - Organizzata Collection"
"9747;COL-053;Caixa - Colmeia Invisível G - 10 nichos - Organizzata Collection"
"97898703990000;COL-003.CQ;Caixa - Colmeia Transparente M - 10 nichos - Premium - Cáqui"
"97898703990017;COL-003.PT;Caixa - Colmeia Transparente M - 10 nichos - Premium - Preto"
"97898703990024;COL-003.RC;Caixa - Colmeia Transparente M - 10 nichos - Premium - Rosa Claro"
"97898703990031;COL-004.AC;Caixa - Colmeia Transparente Dupla - 12 nichos - Premium - Azul Claro"
"97898703990048;COL-004.CQ;Caixa - Colmeia Transparente Dupla - 12 nichos - Premium - Cáqui"
"97898703990055;COL-004.PT;Caixa - Colmeia Transparente Dupla - 12 nichos - Premium - Preto"
"97898703990062;COL-004.RC;Caixa - Colmeia Transparente Dupla - 12 nichos - Premium - Rosa Claro"
"97898703990079;COL-005.AC;Caixa - Colmeia Transparente G - 10 nichos - Premium - Azul Claro"
"97898703990086;COL-005.CQ;Caixa - Colmeia Transparente G - 10 nichos - Premium - Cáqui"
"97898703990093;COL-005.PT;Caixa - Colmeia Transparente G - 10 nichos - Premium - Preto"
"97898703990109;COL-005.RC;Caixa - Colmeia Transparente G - 10 nichos - Premium - Rosa Claro"
"97898703990116;COL-026.AC;Caixa - Colmeia Transparente para Sutiãs - 8 nichos - Premium - Azul Claro"
"97898703990123;COL-026.CQ;Caixa - Colmeia Transparente para Sutiãs - 8 nichos - Premium - Cáqui"
"97898703990130;COL-026.PT;Caixa - Colmeia Transparente para Sutiãs - 8 nichos - Premium - Preto"
"97898703990147;COL-026.RC;Caixa - Colmeia Transparente para Sutiãs - 8 nichos - Premium - Rosa Claro"
"97898703990154;CTN-002.BR;Caixa - Capa para Terno Smart - Branco"
"97898703990161;MTN-022.CQ;Caixa - Protetor para Roupas de Cama, Mesa e Banho - Baby - Premium - Cáqui"
"97898703990178;MTN-019.CQ;Caixa - Protetor para Roupas de Cama, Mesa e Banho - Baby - Smart - Cáqui"
"97898703990185;MTN-025.CQ;Caixa - Protetor para Roupas de Cama, Mesa e Banho - G - Premium - Cáqui"
"97898703990192;MTN-012.CQ;Caixa - Protetor para Roupas de Cama, Mesa e Banho - G - Smart - Cáqui"
"97898703990208;MTN-026.CQ;Caixa - Protetor para Roupas de Cama, Mesa e Banho - GG - Premium - Cáqui"
"97898703990215;MTN-021.CQ;Caixa - Protetor para Roupas de Cama, Mesa e Banho - GG - Smart - Cáqui"
"97898703990222;MTN-024.CQ;Caixa - Protetor para Roupas de Cama, Mesa e Banho - M - Premium - Cáqui"
"97898703990239;MTN-011.CQ;Caixa - Protetor para Roupas de Cama, Mesa e Banho - M - Smart - Cáqui"
"97898703990246;MTN-027.CQ;Caixa - Protetor para Roupas de Cama, Mesa e Banho - P - Premium - Cáqui"
"97898703990253;MTN-010.CQ;Caixa - Protetor para Roupas de Cama, Mesa e Banho - P - Smart - Cáqui"
"97898703990260;MTN-023.CQ;Caixa - Protetor para Roupas de Cama, Mesa e Banho - Slim - Premium - Cáqui"
"97898703990277;MTN-020.CQ;Caixa - Protetor para Roupas de Cama, Mesa e Banho - Slim - Smart - Cáqui"
"97898703990284;TMS-002.FL;Caixa - Toalha de Mesa Impermeável - Pequena - Flamingos"
"97898703990291;TMS-002.FH;Caixa - Toalha de Mesa Impermeável - Pequena - Folhas"
"97898703990307;TMS-002.LH;Caixa - Toalha de Mesa Impermeável - Pequena - Lhamas"
"97898703990314;TMS-001.FL;Caixa - Toalha de Mesa Impermeável - Grande - Flamingos"
"97898703990321;TMS-001.FH;Caixa - Toalha de Mesa Impermeável - Grande - Folhas"
"97898703990338;TMS-001.LH;Caixa - Toalha de Mesa Impermeável - Grande - Lhamas"
"97898703990352;MTN-029.BR;Caixa - Protetor de roupas - Smart - Branco"
"97898703990376;COL-032-PR;Caixa - Colmeia Invisível Dupla - 12 nichos - Preçolândia"
"97898703990383;COL-031-PR;Caixa - Colmeia Invisível G - 10 nichos - Preçolândia"
"97898703990390;COL-030-PR;Caixa - Colmeia Invisível M - 10 nichos - Preçolândia"
"97898703990406;COL-029-PR;Caixa - Colmeia Invisível P - 10 nichos - Preçolândia"
"97898703990413;COL-033-PR;Caixa - Colmeia Invisível para Sutiãs - 8 nichos - Preçolândia"
"97898703990420;COL-028-PR;Caixa - Colmeia Invisível PP - 10 nichos - Preçolândia"
"97898703990437;COL-008.BR-PR;Caixa - Colmeia TNT Dupla - 12 nichos - Premium - Branco - Preçolândia"
"97898703990444;COL-041.BR-PR;Caixa - Colmeia TNT Dupla - 12 nichos - Smart - Branco - Preçolândia"
"97898703990451;COL-010.BR-PR;Caixa - Colmeia TNT G - 10 nichos - Premium - Branco - Preçolândia"
"97898703990468;COL-040.BR-PR;Caixa - Colmeia TNT G - 10 nichos - Smart - Branco - Preçolândia"
"97898703990475;COL-009.BR-PR;Caixa - Colmeia TNT M - 10 nichos - Premium - Branco - Preçolândia"
"97898703990482;COL-039.BR-PR;Caixa - Colmeia TNT M - 10 nichos - Smart - Branco - Preçolândia"
"97898703990499;COL-007.BR-PR;Caixa - Colmeia TNT P - 10 nichos - Premium - Branco - Preçolândia"
"97898703990505;COL-038.BR-PR;Caixa - Colmeia TNT P - 10 nichos - Smart - Branco - Preçolândia"
"97898703990512;COL-027.BR-PR;Caixa - Colmeia TNT para Sutiãs - 8 nichos - Premium - Branco - Preçolândia"
"97898703990529;COL-042.BR-PR;Caixa - Colmeia TNT para Sutiãs - 8 nichos - Smart - Branco - Preçolândia"
"97898703990536;COL-006.BR-PR;Caixa - Colmeia TNT PP - 10 nichos - Premium - Branco - Preçolândia"
"97898703990543;COL-037.BR-PR;Caixa - Colmeia TNT PP - 10 nichos - Smart - Branco - Preçolândia"
"97898703990550;COL-004.BR-PR;Caixa - Colmeia Transparente Dupla - 12 nichos - Premium - Branco - Preçolândia"
"97898703990567;COL-024.BR-PR;Caixa - Colmeia Transparente Dupla - 12 nichos - Smart - Branco - Preçolândia"
"97898703990574;COL-005.BR-PR;Caixa - Colmeia Transparente G - 10 nichos - Premium - Branco - Preçolândia"
"97898703990581;COL-023.BR-PR;Caixa - Colmeia Transparente G - 10 nichos - Smart - Branco - Preçolândia"
"97898703990598;COL-003.BR-PR;Caixa - Colmeia Transparente M - 10 nichos - Premium - Branco - Preçolândia"
"97898703990604;COL-022.BR-PR;Caixa - Colmeia Transparente M - 10 nichos - Smart - Branco - Preçolândia"
"97898703990611;COL-002.BR-PR;Caixa - Colmeia Transparente P - 10 nichos - Premium - Branco - Preçolândia"
"97898703990628;COL-021.BR-PR;Caixa - Colmeia Transparente P - 10 nichos - Smart - Branco - Preçolândia"
"97898703990635;COL-026.BR-PR;Caixa - Colmeia Transparente para Sutiãs - 8 nichos - Premium - Branco - Preçolândia"
"97898703990642;COL-025.BR-PR;Caixa - Colmeia Transparente para Sutiãs - 8 nichos - Smart - Branco - Preçolândia"
"97898703990659;COL-001.BR-PR;Caixa - Colmeia Transparente PP - 10 nichos - Premium - Branco - Preçolândia"
"97898703990666;COL-020.BR-PR;Caixa - Colmeia Transparente PP - 10 nichos - Smart - Branco - Preçolândia"
"97898703990673;MTN-022.BR-PR;Caixa - Protetor para Roupas de Cama, Mesa e Banho - Baby - Premium - Branco - Preçolândia"
"97898703990680;MTN-022.CQ-PR;Caixa - Protetor para Roupas de Cama, Mesa e Banho - Baby - Premium - Cáqui - Preçolândia"
"97898703990697;MTN-019.BR-PR;Caixa - Protetor para Roupas de Cama, Mesa e Banho - Baby - Smart - Branco - Preçolândia"
"97898703990703;MTN-019.CQ-PR;Caixa - Protetor para Roupas de Cama, Mesa e Banho - Baby - Smart - Cáqui - Preçolândia"
"97898703990710;MTN-025.BR-PR;Caixa - Protetor para Roupas de Cama, Mesa e Banho - G - Premium - Branco - Preçolândia"
"97898703990727;MTN-025.CQ-PR;Caixa - Protetor para Roupas de Cama, Mesa e Banho - G - Premium - Cáqui - Preçolândia"
"97898703990734;MTN-012.BR-PR;Caixa - Protetor para Roupas de Cama, Mesa e Banho - G - Smart - Branco - Preçolândia"
"97898703990741;MTN-012.CQ-PR;Caixa - Protetor para Roupas de Cama, Mesa e Banho - G - Smart - Cáqui - Preçolândia"
"97898703990758;MTN-026.BR-PR;Caixa - Protetor para Roupas de Cama, Mesa e Banho - GG - Premium - Branco - Preçolândia"
"97898703990765;MTN-026.CQ-PR;Caixa - Protetor para Roupas de Cama, Mesa e Banho - GG - Premium - Cáqui - Preçolândia"
"97898703990772;MTN-021.BR-PR;Caixa - Protetor para Roupas de Cama, Mesa e Banho - GG - Smart - Branco - Preçolândia"
"97898703990789;MTN-021.CQ-PR;Caixa - Protetor para Roupas de Cama, Mesa e Banho - GG - Smart - Cáqui - Preçolândia"
"97898703990796;MTN-024.BR-PR;Caixa - Protetor para Roupas de Cama, Mesa e Banho - M - Premium - Branco - Preçolândia"
"97898703990802;MTN-024.CQ-PR;Caixa - Protetor para Roupas de Cama, Mesa e Banho - M - Premium - Cáqui - Preçolândia"
"97898703990819;MTN-011.BR-PR;Caixa - Protetor para Roupas de Cama, Mesa e Banho - M - Smart - Branco - Preçolândia"
"97898703990826;MTN-011.CQ-PR;Caixa - Protetor para Roupas de Cama, Mesa e Banho - M - Smart - Cáqui - Preçolândia"
"97898703990833;MTN-027.BR-PR;Caixa - Protetor para Roupas de Cama, Mesa e Banho - P - Premium - Branco - Preçolândia"
"97898703990840;MTN-027.CQ-PR;Caixa - Protetor para Roupas de Cama, Mesa e Banho - P - Premium - Cáqui - Preçolândia"
"97898703990857;MTN-010.BR-PR;Caixa - Protetor para Roupas de Cama, Mesa e Banho - P - Smart - Branco - Preçolândia"
"97898703990864;MTN-010.CQ-PR;Caixa - Protetor para Roupas de Cama, Mesa e Banho - P - Smart - Cáqui - Preçolândia"
"97898703990871;MTN-023.BR-PR;Caixa - Protetor para Roupas de Cama, Mesa e Banho - Slim - Premium - Branco - Preçolândia"
"97898703990888;MTN-023.CQ-PR;Caixa - Protetor para Roupas de Cama, Mesa e Banho - Slim - Premium - Cáqui - Preçolândia"
"97898703990895;MTN-020.BR-PR;Caixa - Protetor para Roupas de Cama, Mesa e Banho - Slim - Smart - Branco - Preçolândia"
"97898703990901;MTN-020.CQ-PR;Caixa - Protetor para Roupas de Cama, Mesa e Banho - Slim - Smart - Cáqui - Preçolândia"
"97898703990918;PBS-003.BR-PR;Caixa - Protetor de bolsas para closet / armário G - Branco - Preçolândia"
"97898703990925;PBS-002.BR-PR;Caixa - Protetor de bolsas para closet / armário M - Branco - Preçolândia"
"97898703990932;PBS-001.BR-PR;Caixa - Protetor de bolsas para closet / armário P - Branco - Preçolândia"
"97898703990949;TMS-001.FL-PR;Caixa - Toalha de Mesa Impermeável - Grande - Flamingos - Preçolândia"
"97898703990956;TMS-001.FH-PR;Caixa - Toalha de Mesa Impermeável - Grande - Folhas - Preçolândia"
"97898703990963;TMS-001.LH-PR;Caixa - Toalha de Mesa Impermeável - Grande - Lhamas - Preçolândia"
"97898703990970;TMS-001. LBR-PR;Caixa - Toalha de Mesa Impermeável - Grande - Linho Branco - Preçolândia"
"97898703990987;TMS-001. JB-PR;Caixa - Toalha de Mesa Impermeável - Grande - Juta Bege - Preçolândia"
"97898703990994;TMS-001. RT-PR;Caixa - Toalha de Mesa Impermeável - Grande - Retalhos - Preçolândia"
"97898703991007;TMS-002.FL-PR;Caixa - Toalha de Mesa Impermeável - Pequena - Flamingos - Preçolândia"
"97898703991014;TMS-002.FH-PR;Caixa - Toalha de Mesa Impermeável - Pequena - Folhas - Preçolândia"
"97898703991021;TMS-002.LH-PR;Caixa - Toalha de Mesa Impermeável - Pequena - Lhamas - Preçolândia"
"97898703991038;TMS-002. LBR-PR;Caixa - Toalha de Mesa Impermeável - Pequena - Linho Branco - Preçolândia"
"97898703991045;TMS-002. JB-PR;Caixa - Toalha de Mesa Impermeável - Pequena - Juta Bege - Preçolândia"
"97898703991052;TMS-002. RT-PR;Caixa - Toalha de Mesa Impermeável - Pequena - Retalhos - Preçolândia"
"97898703991069;TMS-002.XV;Caixa - Toalha de Mesa Impermeável - Pequena - Xadrez Vermelho"
"97898703991076;TMS-001.XV;Caixa - Toalha de Mesa Impermeável - Grande - Xadrez Vermelho"
"97898703991083;HH-0140;Caixa - Colmeia Invisível PP - 10 nichos - Hudson Home"
"97898703991090;HH-0141;Caixa - Colmeia Invisível P - 10 nichos - Hudson Home"
"97898703991106;HH-0142;Caixa - Colmeia Invisível M - 10 nichos - Hudson Home"
"97898703991113;HH-0143;Caixa - Colmeia Invisível G - 10 nichos - Hudson Home"
"97898703991120;HH-0144;Caixa - Colmeia Invisível Dupla - 12 nichos - Hudson Home"
"97898703991137;HH-0146;Caixa - Protetor para Roupas de Cama, Mesa e Banho - Hudson Home - Baby - Premium - Branco"
"97898703991144;HH-0150;Caixa - Protetor para Roupas de Cama, Mesa e Banho - Hudson Home
 - P - Premium - Branco"
"97898703991151;HH-0147;Caixa - Protetor para Roupas de Cama, Mesa e Banho -Hudson Home
- M - Premium - Branco"
"97898703991168;HH-0148;Caixa - Protetor para Roupas de Cama, Mesa e Banho - Hudson Home
 - G - Premium - Branco"
"97898703991175;HH-0149;Caixa - Protetor para Roupas de Cama, Mesa e Banho - Hudson Home - GG - Premium - Branco"
"97898703991182;HH-0145;Caixa - Colmeia Invisível para Sutiãs - 8 nichos - Hudson Home"
"97898703991199;ADS-001;Caixa - Etiquetas Adesivas para Organização de Closet Feminino - Mini - 72 un"
"97898703991205;ADS-002;Caixa - Etiquetas Adesivas para Organização de Closet Masculino - Mini - 72 un"
"97898703991212;ADS-003;Caixa - Etiquetas Adesivas para Organização de Closet Feminino - Média - 20 un"
"97898703991229;ADS-004;Caixa - Etiquetas Adesivas para Organização de Closet Masculino - Média - 20 un"
"97898703991236;ADS-005;Caixa - Etiquetas Adesivas para Organização de Geladeira - Média - 20 un"
"97898703991243;ADS-006;Caixa - Etiquetas Adesivas para Organização de Temperos - Média - 20 un"
"97898703991250;ADS-007;Caixa - Etiquetas Adesivas para Organização de Despensa - Média - 20 un"
"97898703991267;ADS-008;Caixa - Etiquetas Adesivas para Organização de Despensa - Mini - 72 un"
"97898703991274;ADS-009;Caixa - Etiquetas Adesivas para Organização de Prod. de Limpeza - Média - 20 un"
"97898703991281;ADS-010;Caixa - Etiquetas Adesivas para Organização de Prod. de Temperos - Mini - 72 un"
"97898703991298;CTO-001.BR;Caixa - Cesto Organizador Multiuso M - Branco"
"97898703991304;CTO-002.BR;Caixa - Cesto Organizador Multiuso G - Branco"
"97898703991311;CTO-001.PT;Caixa - Cesto Organizador Multiuso M - Preto"
"97898703991328;CTO-002.PT;Caixa - Cesto Organizador Multiuso G - Preto"
"97898703991335;OLC-002.BR;Caixa - Organizador Lateral para Cama - Smart - Branco"
"97898703991342;OLC-002.BG;Caixa - Organizador Lateral para Cama - Smart - Bege"
"97898703991359;OLC-001.BR;Caixa - Organizador Lateral para Cama - Premium - Branco"
"97898703991366;OLC-001.BG;Caixa - Organizador Lateral para Cama - Premium - Bege"
"97898703991373;OLC-002.PT;Caixa - Organizador Lateral para Cama - Smart - Preto"
"97898703991380;OLC-001.PT;Caixa - Organizador Lateral para Cama - Premium - Preto"
"97898703991397;PTS-001.PT;Caixa - Puxa Sacos - Premium - Preto"
"97898703991403;PTS-001.BR;Caixa - Puxa Sacos - Premium - Branco"
"97898703991410;PTV-001.CQ;Caixa - Organizador interno tipo refil para bolsa M - Premium - Cáqui"
"97898964497010;COL-001.BR;Caixa - Colmeia Transparente PP - 10 nichos - Premium - Branco"
"97898964497027;COL-002.BR;Caixa - Colmeia Transparente P - 10 nichos - Premium - Branco"
"97898964497034;COL-003.BR;Caixa - Colmeia Transparente M - 10 nichos - Premium - Branco"
"97898964497041;COL-004.BR;Caixa - Colmeia Transparente Dupla - 12 nichos - Premium - Branco"
"97898964497058;COL-005.BR;Caixa - Colmeia Transparente G - 10 nichos - Premium - Branco"
"97898964497065;COL-026.BR;Caixa - Colmeia Transparente para Sutiãs - 8 nichos - Premium - Branco"
"97898964497072;COL-020.BR;Caixa - Colmeia Transparente PP - 10 nichos - Smart - Branco"
"97898964497089;COL-021.BR;Caixa - Colmeia Transparente P - 10 nichos - Smart - Branco"
"97898964497096;COL-022.BR;Caixa - Colmeia Transparente M - 10 nichos - Smart - Branco"
"97898964497102;COL-024.BR;Caixa - Colmeia Transparente Dupla - 12 nichos - Smart - Branco"
"97898964497119;COL-023.BR;Caixa - Colmeia Transparente G - 10 nichos - Smart - Branco"
"97898964497126;COL-025.BR;Caixa - Colmeia Transparente para Sutiãs - 8 nichos - Smart - Branco"
"97898964497133;COL-037.BR;Caixa - Colmeia TNT PP - 10 nichos - Smart - Branco"
"97898964497140;COL-038.BR;Caixa - Colmeia TNT P - 10 nichos - Smart - Branco"
"97898964497157;COL-041.BR;Caixa - Colmeia TNT Dupla - 12 nichos - Smart - Branco"
"97898964497164;COL-039.BR;Caixa - Colmeia TNT M - 10 nichos - Smart - Branco"
"97898964497171;COL-040.BR;Caixa - Colmeia TNT G - 10 nichos - Smart - Branco"
"97898964497188;COL-042.BR;Caixa - Colmeia TNT para Sutiãs - 8 nichos - Smart - Branco"
"97898964497195;CTN-001.BR;Caixa - Capa para Terno Premium - Branco"
"97898964497201;CVT-001.BR;Caixa - Capa para Vestido Premium - Branco"
"97898964497218;CRL-001.BR;Caixa - Colmeia Porta Relógio - Branco"
"97898964497225;CRL-001.PT;Caixa - Colmeia Porta Relógio - Preto"
"97898964497232;COC-001.CM;Caixa - Colmeia Porta Óculos - Creme"
"97898964497249;COC-001.CZ;Caixa - Colmeia Porta Óculos - Cinza"
"97898964497256;PTV-001.MR;Caixa - Organizador interno tipo refil para bolsa M - Premium - Marrom"
"97898964497263;PTV-001.PT;Caixa - Organizador interno tipo refil para bolsa M - Premium - Preto"
"97898964497270;PTV-004;Caixa - Organizador interno tipo refil para bolsa M - Smart"
"97898964497287;PBS-001.BR;Caixa - Protetor de bolsas para closet / armário P - Branco"
"97898964497294;PBS-002.BR;Caixa - Protetor de bolsas para closet / armário M - Branco"
"97898964497300;PBS-003.BR;Caixa - Protetor de bolsas para closet / armário G - Branco"
"97898964497317;MTN-019.BR;Caixa - Protetor para Roupas de Cama, Mesa e Banho - Baby - Smart - Branco"
"97898964497324;MTN-010.BR;Caixa - Protetor para Roupas de Cama, Mesa e Banho - P - Smart - Branco"
"97898964497331;MTN-011.BR;Caixa - Protetor para Roupas de Cama, Mesa e Banho - M - Smart - Branco"
"97898964497348;MTN-012.BR;Caixa - Protetor para Roupas de Cama, Mesa e Banho - G - Smart - Branco"
"97898964497355;MTN-021.BR;Caixa - Protetor para Roupas de Cama, Mesa e Banho - GG - Smart - Branco"
"97898964497362;MTN-020.BR;Caixa - Protetor para Roupas de Cama, Mesa e Banho - Slim - Smart - Branco"
"97898964497379;COL-028;Caixa - Colmeia Invisível PP - 10 nichos"
"97898964497386;COL-029;Caixa - Colmeia Invisível P - 10 nichos"
"97898964497393;COL-030;Caixa - Colmeia Invisível M - 10 nichos"
"97898964497409;COL-031;Caixa - Colmeia Invisível G - 10 nichos"
"97898964497416;COL-032;Caixa - Colmeia Invisível Dupla - 12 nichos"
"97898964497423;MTN-022.BR;Caixa - Protetor para Roupas de Cama, Mesa e Banho - Baby - Premium - Branco"
"97898964497430;MTN-027.BR;Caixa - Protetor para Roupas de Cama, Mesa e Banho - P - Premium - Branco"
"97898964497447;MTN-024.BR;Caixa - Protetor para Roupas de Cama, Mesa e Banho - M - Premium - Branco"
"97898964497454;MTN-025.BR;Caixa - Protetor para Roupas de Cama, Mesa e Banho - G - Premium - Branco"
"97898964497461;MTN-026.BR;Caixa - Protetor para Roupas de Cama, Mesa e Banho - GG - Premium - Branco"
"97898964497478;MTN-023.BR;Caixa - Protetor para Roupas de Cama, Mesa e Banho - Slim - Premium - Branco"
"97898964497485;EBL-001.BR;Caixa - Enchimento de bolsa P - Branco"
"97898964497492;EBL-002.BR;Caixa - Enchimento de bolsa M - Branco"
"97898964497508;EBL-003.BR;Caixa - Enchimento de bolsa G - Branco"
"97898964497515;COL-033;Caixa - Colmeia Invisível para Sutiãs - 8 nichos"
"97898964497539;COL-006.BR;Caixa - Colmeia TNT PP - 10 nichos - Premium - Branco"
"97898964497546;COL-007.BR;Caixa - Colmeia TNT P - 10 nichos - Premium - Branco"
"97898964497553;COL-009.BR;Caixa - Colmeia TNT M - 10 nichos - Premium - Branco"
"97898964497560;COL-010.BR;Caixa - Colmeia TNT G - 10 nichos - Premium - Branco"
"97898964497577;COL-008.BR;Caixa - Colmeia TNT Dupla - 12 nichos - Premium - Branco"
"97898964497584;COL-027.BR;Caixa - Colmeia TNT para Sutiãs - 8 nichos - Premium - Branco"
"97898964497591;COC-001.PT;Caixa - Colmeia Porta Óculos - Preto"
"97898964497607;COC-001.BR;Caixa - Colmeia Porta Óculos - Branco"
"97898964497621;BND-019;Caixa - Kit com 2 Máscaras em Tricoline Básica - Praticità"
"97898964497638;BND-016;Caixa - Kit com 10 Máscaras em TNT Básica"
"97898964497645;BND-015;Caixa - Kit com 10 Máscaras em TNT Dupla"
"97898964497713;TMS-002. XP;Caixa - Toalha de Mesa Impermeável - Pequena - Xadrez Preto"
"97898964497720;TMS-002. XA;Caixa - Toalha de Mesa Impermeável - Pequena - Xadrez Azul"
"97898964497737;TMS-002. RT;Caixa - Toalha de Mesa Impermeável - Pequena - Retalhos"
"97898964497744;TMS-002. LBR;Caixa - Toalha de Mesa Impermeável - Pequena - Linho Branco"
"97898964497768;TMS-002. JB;Caixa - Toalha de Mesa Impermeável - Pequena - Juta Bege"
"97898964497775;TMS-002. EM;Caixa - Toalha de Mesa Impermeável - Pequena - Exclusive Marrom"
"97898964497782;TMS-002. CP;Caixa - Toalha de Mesa Impermeável - Pequena - Chevron Preto"
"97898964497799;TMS-002. CC;Caixa - Toalha de Mesa Impermeável - Pequena - Chevron Cinza"
"97898964497805;TMS-002. AP;Caixa - Toalha de Mesa Impermeável - Pequena - Azulejo Português"
"97898964497812;TMS-001. XP;Caixa - Toalha de Mesa Impermeável - Grande - Xadrez Preto"
"97898964497829;TMS-001. XA;Caixa - Toalha de Mesa Impermeável - Grande - Xadrez Azul"
"97898964497836;TMS-001. RT;Caixa - Toalha de Mesa Impermeável - Grande - Retalhos"
"97898964497843;TMS-001. LBR;Caixa - Toalha de Mesa Impermeável - Grande - Linho Branco"
"97898964497867;TMS-001. JB;Caixa - Toalha de Mesa Impermeável - Grande - Juta Bege"
"97898964497874;TMS-001. EM;Caixa - Toalha de Mesa Impermeável - Grande - Exclusive Marrom"
"97898964497881;TMS-001. CP;Caixa - Toalha de Mesa Impermeável - Grande - Chevron Preto"
"97898964497898;TMS-001. CC;Caixa - Toalha de Mesa Impermeável - Grande - Chevron Cinza"
"97898964497904;TMS-001. AP;Caixa - Toalha de Mesa Impermeável - Grande - Azulejo Português"
"97898964497911;COL-001.AC;Caixa - Colmeia Transparente PP - 10 nichos - Premium - Azul Claro"
"97898964497928;COL-001.CQ;Caixa - Colmeia Transparente PP - 10 nichos - Premium - Cáqui"
"97898964497935;COL-001.PT;Caixa - Colmeia Transparente PP - 10 nichos - Premium - Preto"
"97898964497942;COL-001.RC;Caixa - Colmeia Transparente PP - 10 nichos - Premium - Rosa Claro"
"97898964497959;COL-002.AC;Caixa - Colmeia Transparente P - 10 nichos - Premium - Azul Claro"
"97898964497966;COL-002.CQ;Caixa - Colmeia Transparente P - 10 nichos - Premium - Cáqui"
"97898964497973;COL-002.PT;Caixa - Colmeia Transparente P - 10 nichos - Premium - Preto"
"97898964497980;COL-002.RC;Caixa - Colmeia Transparente P - 10 nichos - Premium - Rosa Claro"
"97898964497997;COL-003.AC;Caixa - Colmeia Transparente M - 10 nichos - Premium - Azul Claro"
